<?xml version="1.0" encoding="UTF-8"?><project-modules id="moduleCoreId" project-version="1.5.0">
  <wb-module deploy-name="roboKeyStone">
    <property name="java-output-path" value="/C:/Users/Arilson/workspace/roboKeyStone/src/main/webapp/WEB-INF/classes"/>
        <property name="context-root" value="roboKeyStone"/>
    <wb-resource deploy-path="/WEB-INF/classes" source-path="src/main/java"/>
    <wb-resource deploy-path="/WEB-INF/classes" source-path="src/main/resources"/>
        <wb-resource deploy-path="/WEB-INF/classes" source-path="/src/test/java"/>
        <wb-resource deploy-path="/WEB-INF/classes" source-path="/src/main/java"/>
        <wb-resource deploy-path="/WEB-INF/classes" source-path="/src/main/resources"/>
        <wb-resource deploy-path="/" source-path="/target/m2e-wtp/web-resources"/>
        <wb-resource deploy-path="/" source-path="/src/main/webapp" tag="defaultRootSource"/>
  </wb-module>
</project-modules>
